NO;SOUND;UNIT;TIME
1;71.8;dBC;05-04-24/13:46:20
2;72.2;dBC;05-04-24/13:46:30
3;72.0;dBC;05-04-24/13:46:40
4;57.2;dBC;05-04-24/13:46:50
5;68.2;dBC;05-04-24/13:47:00
6;70.3;dBC;05-04-24/13:47:10
7;58.1;dBC;05-04-24/13:47:20
8;74.6;dBC;05-04-24/13:47:30
9;61.5;dBC;05-04-24/13:47:40
10;75.3;dBC;05-04-24/13:47:50
11;59.8;dBC;05-04-24/13:48:00
12;61.2;dBC;05-04-24/13:48:10
13;65.5;dBC;05-04-24/13:48:20
14;63.4;dBC;05-04-24/13:48:30
15;63.4;dBC;05-04-24/13:48:40
16;60.5;dBC;05-04-24/13:48:50
17;51.0;dBC;05-04-24/13:49:00
18;48.1;dBC;05-04-24/13:49:10
19;53.6;dBC;05-04-24/13:49:20
20;58.9;dBC;05-04-24/13:49:30
21;52.4;dBC;05-04-24/13:49:40
22;53.9;dBC;05-04-24/13:49:50
23;51.0;dBC;05-04-24/13:50:00
24;57.9;dBC;05-04-24/13:50:10
25;49.3;dBC;05-04-24/13:50:20
26;59.3;dBC;05-04-24/13:50:30
27;62.2;dBC;05-04-24/13:50:40
28;51.5;dBC;05-04-24/13:50:50
29;56.5;dBC;05-04-24/13:51:00
30;64.1;dBC;05-04-24/13:51:10
31;53.1;dBC;05-04-24/13:51:20
32;50.3;dBC;05-04-24/13:51:30
33;49.8;dBC;05-04-24/13:51:40
34;49.6;dBC;05-04-24/13:51:50
35;48.1;dBC;05-04-24/13:52:00
36;50.5;dBC;05-04-24/13:52:10
37;51.9;dBC;05-04-24/13:52:20
38;50.0;dBC;05-04-24/13:52:30
39;53.4;dBC;05-04-24/13:52:40
40;50.8;dBC;05-04-24/13:52:50
41;53.1;dBC;05-04-24/13:53:00
42;51.2;dBC;05-04-24/13:53:10
43;52.7;dBC;05-04-24/13:53:20
44;62.4;dBC;05-04-24/13:53:30
45;51.2;dBC;05-04-24/13:53:40
46;50.0;dBC;05-04-24/13:53:50
47;51.9;dBC;05-04-24/13:54:00
48;51.0;dBC;05-04-24/13:54:10
49;48.8;dBC;05-04-24/13:54:20
50;50.0;dBC;05-04-24/13:54:30
51;49.8;dBC;05-04-24/13:54:40
52;48.8;dBC;05-04-24/13:54:50
53;49.8;dBC;05-04-24/13:55:00
54;49.6;dBC;05-04-24/13:55:10
55;51.0;dBC;05-04-24/13:55:20
56;50.5;dBC;05-04-24/13:55:30
57;54.6;dBC;05-04-24/13:55:40
58;51.7;dBC;05-04-24/13:55:50
59;53.6;dBC;05-04-24/13:56:00
60;51.2;dBC;05-04-24/13:56:10
61;49.1;dBC;05-04-24/13:56:20
62;51.7;dBC;05-04-24/13:56:30
63;57.9;dBC;05-04-24/13:56:40
64;57.4;dBC;05-04-24/13:56:50
65;51.5;dBC;05-04-24/13:57:00
66;53.6;dBC;05-04-24/13:57:10
67;49.3;dBC;05-04-24/13:57:20
68;50.5;dBC;05-04-24/13:57:30
69;51.9;dBC;05-04-24/13:57:40
70;50.5;dBC;05-04-24/13:57:50
71;49.3;dBC;05-04-24/13:58:00
72;58.1;dBC;05-04-24/13:58:10
73;48.4;dBC;05-04-24/13:58:20
74;48.6;dBC;05-04-24/13:58:30
75;49.1;dBC;05-04-24/13:58:40
76;50.8;dBC;05-04-24/13:58:50
77;50.0;dBC;05-04-24/13:59:00
78;52.9;dBC;05-04-24/13:59:10
79;54.3;dBC;05-04-24/13:59:20
80;51.2;dBC;05-04-24/13:59:30
81;52.9;dBC;05-04-24/13:59:40
82;55.3;dBC;05-04-24/13:59:50
83;54.1;dBC;05-04-24/14:00:00
84;56.5;dBC;05-04-24/14:00:10
85;53.1;dBC;05-04-24/14:00:20
86;53.4;dBC;05-04-24/14:00:30
87;51.7;dBC;05-04-24/14:00:40
88;50.8;dBC;05-04-24/14:00:50
89;57.9;dBC;05-04-24/14:01:00
90;55.3;dBC;05-04-24/14:01:10
91;52.2;dBC;05-04-24/14:01:20
92;58.6;dBC;05-04-24/14:01:30
93;52.4;dBC;05-04-24/14:01:40
94;51.7;dBC;05-04-24/14:01:50
95;52.2;dBC;05-04-24/14:02:00
96;53.1;dBC;05-04-24/14:02:10
97;51.0;dBC;05-04-24/14:02:20
98;52.4;dBC;05-04-24/14:02:30
99;57.4;dBC;05-04-24/14:02:40
100;54.8;dBC;05-04-24/14:02:50
101;50.8;dBC;05-04-24/14:03:00
102;50.0;dBC;05-04-24/14:03:10
103;50.8;dBC;05-04-24/14:03:20
104;52.2;dBC;05-04-24/14:03:30
105;50.0;dBC;05-04-24/14:03:40
106;52.7;dBC;05-04-24/14:03:50
107;50.0;dBC;05-04-24/14:04:00
108;53.4;dBC;05-04-24/14:04:10
109;52.7;dBC;05-04-24/14:04:20
110;49.1;dBC;05-04-24/14:04:30
111;49.6;dBC;05-04-24/14:04:40
112;50.5;dBC;05-04-24/14:04:50
113;51.7;dBC;05-04-24/14:05:00
114;50.0;dBC;05-04-24/14:05:10
115;52.9;dBC;05-04-24/14:05:20
116;49.1;dBC;05-04-24/14:05:30
117;48.8;dBC;05-04-24/14:05:40
118;47.4;dBC;05-04-24/14:05:50
119;48.8;dBC;05-04-24/14:06:00
120;50.8;dBC;05-04-24/14:06:10
121;50.3;dBC;05-04-24/14:06:20
122;51.2;dBC;05-04-24/14:06:30
123;49.8;dBC;05-04-24/14:06:40
124;50.3;dBC;05-04-24/14:06:50
125;50.5;dBC;05-04-24/14:07:00
126;49.8;dBC;05-04-24/14:07:10
127;49.6;dBC;05-04-24/14:07:20
128;52.2;dBC;05-04-24/14:07:30
129;49.1;dBC;05-04-24/14:07:40
130;49.1;dBC;05-04-24/14:07:50
131;60.5;dBC;05-04-24/14:08:00
132;49.6;dBC;05-04-24/14:08:10
133;50.0;dBC;05-04-24/14:08:20
134;48.4;dBC;05-04-24/14:08:30
135;51.2;dBC;05-04-24/14:08:40
136;49.3;dBC;05-04-24/14:08:50
137;49.6;dBC;05-04-24/14:09:00
138;51.5;dBC;05-04-24/14:09:10
139;50.0;dBC;05-04-24/14:09:20
140;50.8;dBC;05-04-24/14:09:30
141;49.8;dBC;05-04-24/14:09:40
142;59.1;dBC;05-04-24/14:09:50
143;51.7;dBC;05-04-24/14:10:00
144;49.6;dBC;05-04-24/14:10:10
145;51.9;dBC;05-04-24/14:10:20
146;51.0;dBC;05-04-24/14:10:30
147;57.0;dBC;05-04-24/14:10:40
148;51.0;dBC;05-04-24/14:10:50
149;52.9;dBC;05-04-24/14:11:00
150;50.3;dBC;05-04-24/14:11:10
151;51.0;dBC;05-04-24/14:11:20
152;49.6;dBC;05-04-24/14:11:30
153;49.1;dBC;05-04-24/14:11:40
154;50.8;dBC;05-04-24/14:11:50
155;49.8;dBC;05-04-24/14:12:00
156;52.2;dBC;05-04-24/14:12:10
157;49.6;dBC;05-04-24/14:12:20
158;50.0;dBC;05-04-24/14:12:30
159;49.6;dBC;05-04-24/14:12:40
160;50.0;dBC;05-04-24/14:12:50
161;51.5;dBC;05-04-24/14:13:00
162;49.8;dBC;05-04-24/14:13:10
163;49.3;dBC;05-04-24/14:13:20
164;50.8;dBC;05-04-24/14:13:30
165;49.8;dBC;05-04-24/14:13:40
166;50.8;dBC;05-04-24/14:13:50
167;50.5;dBC;05-04-24/14:14:00
168;50.3;dBC;05-04-24/14:14:10
169;50.3;dBC;05-04-24/14:14:20
170;51.5;dBC;05-04-24/14:14:30
171;54.1;dBC;05-04-24/14:14:40
172;52.2;dBC;05-04-24/14:14:50
173;51.2;dBC;05-04-24/14:15:00
174;52.7;dBC;05-04-24/14:15:10
175;51.9;dBC;05-04-24/14:15:20
176;55.5;dBC;05-04-24/14:15:30
177;51.9;dBC;05-04-24/14:15:40
178;51.5;dBC;05-04-24/14:15:50
179;52.7;dBC;05-04-24/14:16:00
180;52.9;dBC;05-04-24/14:16:10
181;67.4;dBC;05-04-24/14:16:20
182;51.5;dBC;05-04-24/14:16:30
183;49.8;dBC;05-04-24/14:16:40
184;50.8;dBC;05-04-24/14:16:50
185;49.3;dBC;05-04-24/14:17:00
186;48.4;dBC;05-04-24/14:17:10
187;48.1;dBC;05-04-24/14:17:20
188;49.6;dBC;05-04-24/14:17:30
189;49.1;dBC;05-04-24/14:17:40
190;52.2;dBC;05-04-24/14:17:50
191;52.2;dBC;05-04-24/14:18:00
192;50.8;dBC;05-04-24/14:18:10
193;53.1;dBC;05-04-24/14:18:20
194;60.8;dBC;05-04-24/14:18:30
195;55.0;dBC;05-04-24/14:18:40
196;53.9;dBC;05-04-24/14:18:50
197;51.0;dBC;05-04-24/14:19:00
198;54.3;dBC;05-04-24/14:19:10
199;51.2;dBC;05-04-24/14:19:20
200;50.0;dBC;05-04-24/14:19:30
201;55.3;dBC;05-04-24/14:19:40
202;53.4;dBC;05-04-24/14:19:50
203;51.2;dBC;05-04-24/14:20:00
204;51.0;dBC;05-04-24/14:20:10
205;50.3;dBC;05-04-24/14:20:20
206;50.5;dBC;05-04-24/14:20:30
207;51.2;dBC;05-04-24/14:20:40
208;52.7;dBC;05-04-24/14:20:50
209;57.4;dBC;05-04-24/14:21:00
210;59.3;dBC;05-04-24/14:21:10
211;60.1;dBC;05-04-24/14:21:20
212;52.2;dBC;05-04-24/14:21:30
213;49.3;dBC;05-04-24/14:21:40
214;53.6;dBC;05-04-24/14:21:50
215;53.4;dBC;05-04-24/14:22:00
216;50.8;dBC;05-04-24/14:22:10
217;52.7;dBC;05-04-24/14:22:20
218;58.9;dBC;05-04-24/14:22:30
219;50.0;dBC;05-04-24/14:22:40
220;67.4;dBC;05-04-24/14:22:50
221;53.1;dBC;05-04-24/14:23:00
222;53.6;dBC;05-04-24/14:23:10
223;53.9;dBC;05-04-24/14:23:20
224;56.0;dBC;05-04-24/14:23:30
225;57.2;dBC;05-04-24/14:23:40
226;49.6;dBC;05-04-24/14:23:50
227;50.8;dBC;05-04-24/14:24:00
228;49.3;dBC;05-04-24/14:24:10
229;49.1;dBC;05-04-24/14:24:20
230;50.3;dBC;05-04-24/14:24:30
231;52.7;dBC;05-04-24/14:24:40
232;62.0;dBC;05-04-24/14:24:50
233;63.2;dBC;05-04-24/14:25:00
234;50.0;dBC;05-04-24/14:25:10
235;54.1;dBC;05-04-24/14:25:20
236;51.0;dBC;05-04-24/14:25:30
237;51.7;dBC;05-04-24/14:25:40
238;48.4;dBC;05-04-24/14:25:50
239;49.6;dBC;05-04-24/14:26:00
240;49.8;dBC;05-04-24/14:26:10
241;49.8;dBC;05-04-24/14:26:20
242;55.8;dBC;05-04-24/14:26:30
243;58.9;dBC;05-04-24/14:26:40
244;57.4;dBC;05-04-24/14:26:50
245;58.6;dBC;05-04-24/14:27:00
246;56.2;dBC;05-04-24/14:27:10
247;52.4;dBC;05-04-24/14:27:20
248;49.3;dBC;05-04-24/14:27:30
249;49.6;dBC;05-04-24/14:27:40
250;51.2;dBC;05-04-24/14:27:50
251;49.1;dBC;05-04-24/14:28:00
252;49.3;dBC;05-04-24/14:28:10
253;48.8;dBC;05-04-24/14:28:20
254;48.4;dBC;05-04-24/14:28:30
255;48.4;dBC;05-04-24/14:28:40
256;49.3;dBC;05-04-24/14:28:50
257;48.6;dBC;05-04-24/14:29:00
258;53.4;dBC;05-04-24/14:29:10
259;50.5;dBC;05-04-24/14:29:20
260;50.8;dBC;05-04-24/14:29:30
261;50.5;dBC;05-04-24/14:29:40
262;55.5;dBC;05-04-24/14:29:50
263;53.1;dBC;05-04-24/14:30:00
264;54.1;dBC;05-04-24/14:30:10
265;57.7;dBC;05-04-24/14:30:20
266;55.5;dBC;05-04-24/14:30:30
267;50.3;dBC;05-04-24/14:30:40
268;48.1;dBC;05-04-24/14:30:50
269;49.8;dBC;05-04-24/14:31:00
270;51.9;dBC;05-04-24/14:31:10
271;52.2;dBC;05-04-24/14:31:20
272;52.2;dBC;05-04-24/14:31:30
273;51.0;dBC;05-04-24/14:31:40
274;58.4;dBC;05-04-24/14:31:50
275;54.6;dBC;05-04-24/14:32:00
276;53.4;dBC;05-04-24/14:32:10
277;56.2;dBC;05-04-24/14:32:20
278;61.0;dBC;05-04-24/14:32:30
279;57.7;dBC;05-04-24/14:32:40
280;57.2;dBC;05-04-24/14:32:50
281;53.9;dBC;05-04-24/14:33:00
282;51.7;dBC;05-04-24/14:33:10
283;50.0;dBC;05-04-24/14:33:20
284;49.6;dBC;05-04-24/14:33:30
285;49.8;dBC;05-04-24/14:33:40
286;52.2;dBC;05-04-24/14:33:50
287;49.8;dBC;05-04-24/14:34:00
288;54.3;dBC;05-04-24/14:34:10
289;50.8;dBC;05-04-24/14:34:20
290;51.9;dBC;05-04-24/14:34:30
291;53.6;dBC;05-04-24/14:34:40
292;52.9;dBC;05-04-24/14:34:50
293;51.0;dBC;05-04-24/14:35:00
294;53.1;dBC;05-04-24/14:35:10
295;54.8;dBC;05-04-24/14:35:20
296;54.1;dBC;05-04-24/14:35:30
297;53.4;dBC;05-04-24/14:35:40
298;51.5;dBC;05-04-24/14:35:50
299;54.6;dBC;05-04-24/14:36:00
300;52.2;dBC;05-04-24/14:36:10
301;53.6;dBC;05-04-24/14:36:20
302;51.5;dBC;05-04-24/14:36:30
303;52.4;dBC;05-04-24/14:36:40
304;57.4;dBC;05-04-24/14:36:50
305;62.0;dBC;05-04-24/14:37:00
306;53.6;dBC;05-04-24/14:37:10
307;55.5;dBC;05-04-24/14:37:20
308;57.7;dBC;05-04-24/14:37:30
309;57.0;dBC;05-04-24/14:37:40
310;51.9;dBC;05-04-24/14:37:50
311;51.0;dBC;05-04-24/14:38:00
312;49.6;dBC;05-04-24/14:38:10
313;49.1;dBC;05-04-24/14:38:20
314;50.8;dBC;05-04-24/14:38:30
315;51.7;dBC;05-04-24/14:38:40
316;53.4;dBC;05-04-24/14:38:50
317;51.7;dBC;05-04-24/14:39:00
318;48.8;dBC;05-04-24/14:39:10
319;49.1;dBC;05-04-24/14:39:20
320;49.8;dBC;05-04-24/14:39:30
321;59.3;dBC;05-04-24/14:39:40
322;51.5;dBC;05-04-24/14:39:50
323;49.6;dBC;05-04-24/14:40:00
324;48.1;dBC;05-04-24/14:40:10
325;51.5;dBC;05-04-24/14:40:20
326;51.2;dBC;05-04-24/14:40:30
327;51.9;dBC;05-04-24/14:40:40
328;50.3;dBC;05-04-24/14:40:50
329;49.8;dBC;05-04-24/14:41:00
330;49.6;dBC;05-04-24/14:41:10
331;51.0;dBC;05-04-24/14:41:20
332;55.0;dBC;05-04-24/14:41:30
333;56.7;dBC;05-04-24/14:41:40
334;51.9;dBC;05-04-24/14:41:50
335;53.4;dBC;05-04-24/14:42:00
336;63.6;dBC;05-04-24/14:42:10
337;62.7;dBC;05-04-24/14:42:20
338;50.0;dBC;05-04-24/14:42:30
339;52.2;dBC;05-04-24/14:42:40
340;53.4;dBC;05-04-24/14:42:50
341;54.3;dBC;05-04-24/14:43:00
342;51.5;dBC;05-04-24/14:43:10
343;56.5;dBC;05-04-24/14:43:20
344;51.2;dBC;05-04-24/14:43:30
345;50.0;dBC;05-04-24/14:43:40
346;51.0;dBC;05-04-24/14:43:50
347;51.5;dBC;05-04-24/14:44:00
348;70.1;dBC;05-04-24/14:44:10
349;55.0;dBC;05-04-24/14:44:20
350;66.5;dBC;05-04-24/14:44:30
351;64.1;dBC;05-04-24/14:44:40
352;54.3;dBC;05-04-24/14:44:50
353;55.5;dBC;05-04-24/14:45:00
354;56.5;dBC;05-04-24/14:45:10
355;51.0;dBC;05-04-24/14:45:20
356;51.5;dBC;05-04-24/14:45:30
357;52.7;dBC;05-04-24/14:45:40
358;52.7;dBC;05-04-24/14:45:50
359;49.6;dBC;05-04-24/14:46:00
360;51.2;dBC;05-04-24/14:46:10
361;49.1;dBC;05-04-24/14:46:20
362;51.0;dBC;05-04-24/14:46:30
363;54.6;dBC;05-04-24/14:46:40
364;52.9;dBC;05-04-24/14:46:50
365;53.9;dBC;05-04-24/14:47:00
366;56.7;dBC;05-04-24/14:47:10
367;53.9;dBC;05-04-24/14:47:20
368;52.2;dBC;05-04-24/14:47:30
369;55.5;dBC;05-04-24/14:47:40
370;52.4;dBC;05-04-24/14:47:50
371;52.7;dBC;05-04-24/14:48:00
372;52.4;dBC;05-04-24/14:48:10
373;55.0;dBC;05-04-24/14:48:20
374;55.8;dBC;05-04-24/14:48:30
375;53.4;dBC;05-04-24/14:48:40
376;54.1;dBC;05-04-24/14:48:50
377;51.9;dBC;05-04-24/14:49:00
378;61.0;dBC;05-04-24/14:49:10
379;54.3;dBC;05-04-24/14:49:20
380;55.0;dBC;05-04-24/14:49:30
381;52.7;dBC;05-04-24/14:49:40
382;58.6;dBC;05-04-24/14:49:50
383;55.8;dBC;05-04-24/14:50:00
384;65.1;dBC;05-04-24/14:50:10
385;57.2;dBC;05-04-24/14:50:20
386;52.7;dBC;05-04-24/14:50:30
387;54.1;dBC;05-04-24/14:50:40
388;51.2;dBC;05-04-24/14:50:50
389;50.3;dBC;05-04-24/14:51:00
390;52.4;dBC;05-04-24/14:51:10
391;57.9;dBC;05-04-24/14:51:20
392;55.3;dBC;05-04-24/14:51:30
393;50.0;dBC;05-04-24/14:51:40
394;50.3;dBC;05-04-24/14:51:50
395;53.4;dBC;05-04-24/14:52:00
396;50.5;dBC;05-04-24/14:52:10
397;50.8;dBC;05-04-24/14:52:20
398;51.7;dBC;05-04-24/14:52:30
399;51.5;dBC;05-04-24/14:52:40
400;52.4;dBC;05-04-24/14:52:50
401;51.7;dBC;05-04-24/14:53:00
402;51.9;dBC;05-04-24/14:53:10
403;52.9;dBC;05-04-24/14:53:20
404;52.2;dBC;05-04-24/14:53:30
405;53.9;dBC;05-04-24/14:53:40
406;51.2;dBC;05-04-24/14:53:50
407;50.3;dBC;05-04-24/14:54:00
408;48.8;dBC;05-04-24/14:54:10
409;51.5;dBC;05-04-24/14:54:20
410;49.3;dBC;05-04-24/14:54:30
411;54.1;dBC;05-04-24/14:54:40
412;53.4;dBC;05-04-24/14:54:50
413;51.2;dBC;05-04-24/14:55:00
414;49.8;dBC;05-04-24/14:55:10
415;51.0;dBC;05-04-24/14:55:20
416;50.8;dBC;05-04-24/14:55:30
417;51.2;dBC;05-04-24/14:55:40
418;52.7;dBC;05-04-24/14:55:50
419;55.5;dBC;05-04-24/14:56:00
420;57.2;dBC;05-04-24/14:56:10
421;66.3;dBC;05-04-24/14:56:20
422;61.2;dBC;05-04-24/14:56:30
423;60.8;dBC;05-04-24/14:56:40
424;57.9;dBC;05-04-24/14:56:50
425;51.0;dBC;05-04-24/14:57:00
426;50.5;dBC;05-04-24/14:57:10
427;50.5;dBC;05-04-24/14:57:20
428;51.2;dBC;05-04-24/14:57:30
429;50.3;dBC;05-04-24/14:57:40
430;51.0;dBC;05-04-24/14:57:50
431;51.9;dBC;05-04-24/14:58:00
432;51.0;dBC;05-04-24/14:58:10
433;58.6;dBC;05-04-24/14:58:20
434;54.8;dBC;05-04-24/14:58:30
435;54.6;dBC;05-04-24/14:58:40
436;52.4;dBC;05-04-24/14:58:50
437;53.1;dBC;05-04-24/14:59:00
438;55.5;dBC;05-04-24/14:59:10
439;52.7;dBC;05-04-24/14:59:20
440;50.0;dBC;05-04-24/14:59:30
441;53.1;dBC;05-04-24/14:59:40
442;54.8;dBC;05-04-24/14:59:50
443;56.7;dBC;05-04-24/15:00:00
444;53.6;dBC;05-04-24/15:00:10
445;55.3;dBC;05-04-24/15:00:20
446;53.6;dBC;05-04-24/15:00:30
447;52.2;dBC;05-04-24/15:00:40
448;58.6;dBC;05-04-24/15:00:50
449;55.5;dBC;05-04-24/15:01:00
450;61.2;dBC;05-04-24/15:01:10
451;53.9;dBC;05-04-24/15:01:20
452;62.4;dBC;05-04-24/15:01:30
453;62.4;dBC;05-04-24/15:01:40
454;67.0;dBC;05-04-24/15:01:50
455;58.4;dBC;05-04-24/15:02:00
456;57.9;dBC;05-04-24/15:02:10
457;52.2;dBC;05-04-24/15:02:20
458;53.4;dBC;05-04-24/15:02:30
459;51.5;dBC;05-04-24/15:02:40
460;52.7;dBC;05-04-24/15:02:50
461;51.0;dBC;05-04-24/15:03:00
462;50.0;dBC;05-04-24/15:03:10
463;52.2;dBC;05-04-24/15:03:20
464;55.8;dBC;05-04-24/15:03:30
465;54.3;dBC;05-04-24/15:03:40
466;53.1;dBC;05-04-24/15:03:50
467;50.8;dBC;05-04-24/15:04:00
468;55.8;dBC;05-04-24/15:04:10
469;54.8;dBC;05-04-24/15:04:20
470;52.9;dBC;05-04-24/15:04:30
471;60.1;dBC;05-04-24/15:04:40
472;52.2;dBC;05-04-24/15:04:50
473;52.4;dBC;05-04-24/15:05:00
474;52.4;dBC;05-04-24/15:05:10
475;51.7;dBC;05-04-24/15:05:20
476;52.7;dBC;05-04-24/15:05:30
477;51.2;dBC;05-04-24/15:05:40
478;50.5;dBC;05-04-24/15:05:50
479;49.8;dBC;05-04-24/15:06:00
480;50.8;dBC;05-04-24/15:06:10
481;50.8;dBC;05-04-24/15:06:20
482;52.4;dBC;05-04-24/15:06:30
483;50.5;dBC;05-04-24/15:06:40
484;48.8;dBC;05-04-24/15:06:50
485;51.2;dBC;05-04-24/15:07:00
486;52.9;dBC;05-04-24/15:07:10
487;62.7;dBC;05-04-24/15:07:20
488;57.9;dBC;05-04-24/15:07:30
489;57.9;dBC;05-04-24/15:07:40
490;51.9;dBC;05-04-24/15:07:50
491;52.2;dBC;05-04-24/15:08:00
492;55.0;dBC;05-04-24/15:08:10
493;54.3;dBC;05-04-24/15:08:20
494;52.7;dBC;05-04-24/15:08:30
495;53.1;dBC;05-04-24/15:08:40
496;58.4;dBC;05-04-24/15:08:50
497;52.2;dBC;05-04-24/15:09:00
498;51.9;dBC;05-04-24/15:09:10
499;54.6;dBC;05-04-24/15:09:20
500;51.0;dBC;05-04-24/15:09:30
501;51.9;dBC;05-04-24/15:09:40
502;50.0;dBC;05-04-24/15:09:50
503;50.8;dBC;05-04-24/15:10:00
504;52.2;dBC;05-04-24/15:10:10
505;49.6;dBC;05-04-24/15:10:20
506;51.2;dBC;05-04-24/15:10:30
507;56.0;dBC;05-04-24/15:10:40
508;50.8;dBC;05-04-24/15:10:50
509;50.5;dBC;05-04-24/15:11:00
510;50.3;dBC;05-04-24/15:11:10
511;55.3;dBC;05-04-24/15:11:20
512;55.8;dBC;05-04-24/15:11:30
513;56.2;dBC;05-04-24/15:11:40
514;53.6;dBC;05-04-24/15:11:50
515;51.0;dBC;05-04-24/15:12:00
516;51.7;dBC;05-04-24/15:12:10
517;50.8;dBC;05-04-24/15:12:20
518;57.2;dBC;05-04-24/15:12:30
519;49.8;dBC;05-04-24/15:12:40
520;54.3;dBC;05-04-24/15:12:50
521;51.2;dBC;05-04-24/15:13:00
522;51.7;dBC;05-04-24/15:13:10
523;53.4;dBC;05-04-24/15:13:20
524;52.4;dBC;05-04-24/15:13:30
525;53.1;dBC;05-04-24/15:13:40
526;57.2;dBC;05-04-24/15:13:50
527;57.9;dBC;05-04-24/15:14:00
528;55.8;dBC;05-04-24/15:14:10
529;52.4;dBC;05-04-24/15:14:20
530;49.3;dBC;05-04-24/15:14:30
531;49.6;dBC;05-04-24/15:14:40
532;55.5;dBC;05-04-24/15:14:50
533;53.4;dBC;05-04-24/15:15:00
534;50.5;dBC;05-04-24/15:15:10
535;50.5;dBC;05-04-24/15:15:20
536;52.9;dBC;05-04-24/15:15:30
537;50.5;dBC;05-04-24/15:15:40
538;51.0;dBC;05-04-24/15:15:50
539;58.6;dBC;05-04-24/15:16:00
540;57.0;dBC;05-04-24/15:16:10
541;54.6;dBC;05-04-24/15:16:20
542;55.5;dBC;05-04-24/15:16:30
543;54.6;dBC;05-04-24/15:16:40
544;55.8;dBC;05-04-24/15:16:50
545;55.5;dBC;05-04-24/15:17:00
546;51.5;dBC;05-04-24/15:17:10
547;53.1;dBC;05-04-24/15:17:20
548;52.7;dBC;05-04-24/15:17:30
549;52.4;dBC;05-04-24/15:17:40
550;50.3;dBC;05-04-24/15:17:50
551;50.3;dBC;05-04-24/15:18:00
552;49.6;dBC;05-04-24/15:18:10
553;50.8;dBC;05-04-24/15:18:20
554;53.6;dBC;05-04-24/15:18:30
555;50.8;dBC;05-04-24/15:18:40
556;52.4;dBC;05-04-24/15:18:50
557;51.5;dBC;05-04-24/15:19:00
558;67.2;dBC;05-04-24/15:19:10
559;51.7;dBC;05-04-24/15:19:20
560;54.6;dBC;05-04-24/15:19:30
561;53.9;dBC;05-04-24/15:19:40
562;50.5;dBC;05-04-24/15:19:50
563;52.9;dBC;05-04-24/15:20:00
564;50.5;dBC;05-04-24/15:20:10
565;51.7;dBC;05-04-24/15:20:20
566;53.4;dBC;05-04-24/15:20:30
567;51.5;dBC;05-04-24/15:20:40
568;51.9;dBC;05-04-24/15:20:50
569;50.8;dBC;05-04-24/15:21:00
570;51.2;dBC;05-04-24/15:21:10
571;58.6;dBC;05-04-24/15:21:20
572;53.1;dBC;05-04-24/15:21:30
573;53.9;dBC;05-04-24/15:21:40
574;53.4;dBC;05-04-24/15:21:50
575;56.0;dBC;05-04-24/15:22:00
576;52.9;dBC;05-04-24/15:22:10
577;60.3;dBC;05-04-24/15:22:20
578;53.1;dBC;05-04-24/15:22:30
579;51.7;dBC;05-04-24/15:22:40
580;50.8;dBC;05-04-24/15:22:50
581;52.9;dBC;05-04-24/15:23:00
582;51.9;dBC;05-04-24/15:23:10
583;52.2;dBC;05-04-24/15:23:20
584;52.7;dBC;05-04-24/15:23:30
585;51.7;dBC;05-04-24/15:23:40
586;53.4;dBC;05-04-24/15:23:50
587;50.5;dBC;05-04-24/15:24:00
588;48.8;dBC;05-04-24/15:24:10
589;51.5;dBC;05-04-24/15:24:20
590;53.4;dBC;05-04-24/15:24:30
591;51.0;dBC;05-04-24/15:24:40
592;53.1;dBC;05-04-24/15:24:50
593;56.0;dBC;05-04-24/15:25:00
594;52.2;dBC;05-04-24/15:25:10
595;61.2;dBC;05-04-24/15:25:20
596;57.9;dBC;05-04-24/15:25:30
597;55.5;dBC;05-04-24/15:25:40
598;50.8;dBC;05-04-24/15:25:50
599;55.5;dBC;05-04-24/15:26:00
600;51.2;dBC;05-04-24/15:26:10
601;49.3;dBC;05-04-24/15:26:20
602;53.1;dBC;05-04-24/15:26:30
603;50.5;dBC;05-04-24/15:26:40
604;51.0;dBC;05-04-24/15:26:50
605;63.2;dBC;05-04-24/15:27:00
606;56.5;dBC;05-04-24/15:27:10
607;63.6;dBC;05-04-24/15:27:20
608;56.0;dBC;05-04-24/15:27:30
609;55.3;dBC;05-04-24/15:27:40
610;57.0;dBC;05-04-24/15:27:50
611;58.9;dBC;05-04-24/15:28:00
612;61.2;dBC;05-04-24/15:28:10
613;54.3;dBC;05-04-24/15:28:20
614;56.7;dBC;05-04-24/15:28:30
615;59.6;dBC;05-04-24/15:28:40
616;59.1;dBC;05-04-24/15:28:50
617;51.2;dBC;05-04-24/15:29:00
618;52.7;dBC;05-04-24/15:29:10
619;54.1;dBC;05-04-24/15:29:20
620;55.0;dBC;05-04-24/15:29:30
621;52.4;dBC;05-04-24/15:29:40
622;54.8;dBC;05-04-24/15:29:50
623;63.6;dBC;05-04-24/15:30:00
624;52.2;dBC;05-04-24/15:30:10
625;50.0;dBC;05-04-24/15:30:20
626;53.1;dBC;05-04-24/15:30:30
627;51.5;dBC;05-04-24/15:30:40
628;56.5;dBC;05-04-24/15:30:50
629;54.8;dBC;05-04-24/15:31:00
630;54.8;dBC;05-04-24/15:31:10
631;54.6;dBC;05-04-24/15:31:20
632;50.0;dBC;05-04-24/15:31:30
633;55.8;dBC;05-04-24/15:31:40
634;54.6;dBC;05-04-24/15:31:50
635;54.3;dBC;05-04-24/15:32:00
636;56.0;dBC;05-04-24/15:32:10
637;52.4;dBC;05-04-24/15:32:20
638;55.8;dBC;05-04-24/15:32:30
639;54.3;dBC;05-04-24/15:32:40
640;57.9;dBC;05-04-24/15:32:50
641;51.5;dBC;05-04-24/15:33:00
642;52.7;dBC;05-04-24/15:33:10
643;56.5;dBC;05-04-24/15:33:20
644;58.1;dBC;05-04-24/15:33:30
645;54.1;dBC;05-04-24/15:33:40
646;53.6;dBC;05-04-24/15:33:50
647;50.8;dBC;05-04-24/15:34:00
648;53.6;dBC;05-04-24/15:34:10
649;58.4;dBC;05-04-24/15:34:20
650;55.3;dBC;05-04-24/15:34:30
651;52.4;dBC;05-04-24/15:34:40
652;53.4;dBC;05-04-24/15:34:50
653;51.7;dBC;05-04-24/15:35:00
654;51.9;dBC;05-04-24/15:35:10
655;57.9;dBC;05-04-24/15:35:20
656;55.3;dBC;05-04-24/15:35:30
657;54.1;dBC;05-04-24/15:35:40
658;57.7;dBC;05-04-24/15:35:50
659;51.9;dBC;05-04-24/15:36:00
660;52.7;dBC;05-04-24/15:36:10
661;52.9;dBC;05-04-24/15:36:20
662;54.3;dBC;05-04-24/15:36:30
663;55.0;dBC;05-04-24/15:36:40
664;55.0;dBC;05-04-24/15:36:50
665;54.1;dBC;05-04-24/15:37:00
666;52.7;dBC;05-04-24/15:37:10
667;52.2;dBC;05-04-24/15:37:20
668;56.5;dBC;05-04-24/15:37:30
669;53.9;dBC;05-04-24/15:37:40
670;52.7;dBC;05-04-24/15:37:50
671;50.3;dBC;05-04-24/15:38:00
672;53.4;dBC;05-04-24/15:38:10
673;51.9;dBC;05-04-24/15:38:20
674;60.1;dBC;05-04-24/15:38:30
675;60.5;dBC;05-04-24/15:38:40
676;56.2;dBC;05-04-24/15:38:50
677;54.8;dBC;05-04-24/15:39:00
678;55.8;dBC;05-04-24/15:39:10
679;53.4;dBC;05-04-24/15:39:20
680;53.9;dBC;05-04-24/15:39:30
681;52.7;dBC;05-04-24/15:39:40
682;54.6;dBC;05-04-24/15:39:50
683;55.5;dBC;05-04-24/15:40:00
684;55.5;dBC;05-04-24/15:40:10
685;57.9;dBC;05-04-24/15:40:20
686;52.4;dBC;05-04-24/15:40:30
687;56.2;dBC;05-04-24/15:40:40
688;51.7;dBC;05-04-24/15:40:50
689;55.3;dBC;05-04-24/15:41:00
690;58.6;dBC;05-04-24/15:41:10
691;55.8;dBC;05-04-24/15:41:20
692;55.0;dBC;05-04-24/15:41:30
693;51.7;dBC;05-04-24/15:41:40
694;53.6;dBC;05-04-24/15:41:50
695;54.1;dBC;05-04-24/15:42:00
696;52.9;dBC;05-04-24/15:42:10
697;53.6;dBC;05-04-24/15:42:20
698;51.5;dBC;05-04-24/15:42:30
699;52.9;dBC;05-04-24/15:42:40
700;55.3;dBC;05-04-24/15:42:50
701;54.1;dBC;05-04-24/15:43:00
702;50.3;dBC;05-04-24/15:43:10
703;51.2;dBC;05-04-24/15:43:20
704;55.3;dBC;05-04-24/15:43:30
705;55.0;dBC;05-04-24/15:43:40
706;54.1;dBC;05-04-24/15:43:50
707;53.1;dBC;05-04-24/15:44:00
708;53.1;dBC;05-04-24/15:44:10
709;54.1;dBC;05-04-24/15:44:20
710;54.1;dBC;05-04-24/15:44:30
711;53.4;dBC;05-04-24/15:44:40
712;51.0;dBC;05-04-24/15:44:50
713;59.1;dBC;05-04-24/15:45:00
714;53.6;dBC;05-04-24/15:45:10
715;63.2;dBC;05-04-24/15:45:20
716;59.8;dBC;05-04-24/15:45:30
717;55.0;dBC;05-04-24/15:45:40
718;50.8;dBC;05-04-24/15:45:50
719;51.7;dBC;05-04-24/15:46:00
720;52.7;dBC;05-04-24/15:46:10
721;51.5;dBC;05-04-24/15:46:20
722;49.3;dBC;05-04-24/15:46:30
723;49.6;dBC;05-04-24/15:46:40
724;49.3;dBC;05-04-24/15:46:50
725;50.5;dBC;05-04-24/15:47:00
726;51.2;dBC;05-04-24/15:47:10
727;51.7;dBC;05-04-24/15:47:20
728;52.7;dBC;05-04-24/15:47:30
729;55.8;dBC;05-04-24/15:47:40
730;52.9;dBC;05-04-24/15:47:50
731;50.8;dBC;05-04-24/15:48:00
732;49.8;dBC;05-04-24/15:48:10
733;51.9;dBC;05-04-24/15:48:20
734;52.2;dBC;05-04-24/15:48:30
735;54.3;dBC;05-04-24/15:48:40
736;51.5;dBC;05-04-24/15:48:50
737;52.4;dBC;05-04-24/15:49:00
738;50.5;dBC;05-04-24/15:49:10
739;49.8;dBC;05-04-24/15:49:20
740;54.6;dBC;05-04-24/15:49:30
741;52.4;dBC;05-04-24/15:49:40
742;54.8;dBC;05-04-24/15:49:50
743;52.4;dBC;05-04-24/15:50:00
744;53.9;dBC;05-04-24/15:50:10
745;50.8;dBC;05-04-24/15:50:20
746;52.9;dBC;05-04-24/15:50:30
747;53.4;dBC;05-04-24/15:50:40
748;52.9;dBC;05-04-24/15:50:50
749;50.3;dBC;05-04-24/15:51:00
750;49.6;dBC;05-04-24/15:51:10
751;51.9;dBC;05-04-24/15:51:20
752;50.3;dBC;05-04-24/15:51:30
753;50.5;dBC;05-04-24/15:51:40
754;49.8;dBC;05-04-24/15:51:50
755;49.8;dBC;05-04-24/15:52:00
756;48.6;dBC;05-04-24/15:52:10
757;50.8;dBC;05-04-24/15:52:20
758;55.0;dBC;05-04-24/15:52:30
759;52.7;dBC;05-04-24/15:52:40
760;51.2;dBC;05-04-24/15:52:50
761;50.3;dBC;05-04-24/15:53:00
762;50.8;dBC;05-04-24/15:53:10
763;53.9;dBC;05-04-24/15:53:20
764;52.2;dBC;05-04-24/15:53:30
765;51.7;dBC;05-04-24/15:53:40
766;57.2;dBC;05-04-24/15:53:50
767;51.2;dBC;05-04-24/15:54:00
768;52.2;dBC;05-04-24/15:54:10
769;51.0;dBC;05-04-24/15:54:20
770;51.0;dBC;05-04-24/15:54:30
771;51.5;dBC;05-04-24/15:54:40
772;49.6;dBC;05-04-24/15:54:50
773;49.8;dBC;05-04-24/15:55:00
774;53.9;dBC;05-04-24/15:55:10
775;52.7;dBC;05-04-24/15:55:20
776;53.6;dBC;05-04-24/15:55:30
777;52.2;dBC;05-04-24/15:55:40
778;49.8;dBC;05-04-24/15:55:50
779;52.7;dBC;05-04-24/15:56:00
780;52.9;dBC;05-04-24/15:56:10
781;49.8;dBC;05-04-24/15:56:20
782;51.7;dBC;05-04-24/15:56:30
783;51.2;dBC;05-04-24/15:56:40
784;56.5;dBC;05-04-24/15:56:50
785;52.2;dBC;05-04-24/15:57:00
786;53.1;dBC;05-04-24/15:57:10
787;53.6;dBC;05-04-24/15:57:20
788;51.5;dBC;05-04-24/15:57:30
789;51.0;dBC;05-04-24/15:57:40
790;51.0;dBC;05-04-24/15:57:50
791;51.0;dBC;05-04-24/15:58:00
792;50.0;dBC;05-04-24/15:58:10
793;54.1;dBC;05-04-24/15:58:20
794;51.2;dBC;05-04-24/15:58:30
795;53.4;dBC;05-04-24/15:58:40
796;53.1;dBC;05-04-24/15:58:50
797;56.7;dBC;05-04-24/15:59:00
798;54.8;dBC;05-04-24/15:59:10
799;56.7;dBC;05-04-24/15:59:20
800;58.4;dBC;05-04-24/15:59:30
801;58.6;dBC;05-04-24/15:59:40
802;52.7;dBC;05-04-24/15:59:50
803;52.4;dBC;05-04-24/16:00:00
804;53.4;dBC;05-04-24/16:00:10
805;52.7;dBC;05-04-24/16:00:20
806;52.4;dBC;05-04-24/16:00:30
807;50.3;dBC;05-04-24/16:00:40
808;49.1;dBC;05-04-24/16:00:50
809;50.8;dBC;05-04-24/16:01:00
810;49.6;dBC;05-04-24/16:01:10
811;57.4;dBC;05-04-24/16:01:20
812;59.8;dBC;05-04-24/16:01:30
813;52.7;dBC;05-04-24/16:01:40
814;53.1;dBC;05-04-24/16:01:50
815;50.8;dBC;05-04-24/16:02:00
816;49.1;dBC;05-04-24/16:02:10
817;50.0;dBC;05-04-24/16:02:20
818;52.4;dBC;05-04-24/16:02:30
819;49.3;dBC;05-04-24/16:02:40
820;48.4;dBC;05-04-24/16:02:50
821;53.9;dBC;05-04-24/16:03:00
822;49.3;dBC;05-04-24/16:03:10
823;49.8;dBC;05-04-24/16:03:20
824;51.0;dBC;05-04-24/16:03:30
825;54.3;dBC;05-04-24/16:03:40
826;51.7;dBC;05-04-24/16:03:50
827;52.2;dBC;05-04-24/16:04:00
828;52.7;dBC;05-04-24/16:04:10
829;53.6;dBC;05-04-24/16:04:20
830;52.4;dBC;05-04-24/16:04:30
831;51.7;dBC;05-04-24/16:04:40
832;50.3;dBC;05-04-24/16:04:50
833;52.4;dBC;05-04-24/16:05:00
834;51.0;dBC;05-04-24/16:05:10
835;50.0;dBC;05-04-24/16:05:20
836;49.6;dBC;05-04-24/16:05:30
837;50.5;dBC;05-04-24/16:05:40
838;52.2;dBC;05-04-24/16:05:50
839;52.9;dBC;05-04-24/16:06:00
840;49.3;dBC;05-04-24/16:06:10
841;48.6;dBC;05-04-24/16:06:20
842;56.0;dBC;05-04-24/16:06:30
843;55.0;dBC;05-04-24/16:06:40
844;63.9;dBC;05-04-24/16:06:50
845;57.7;dBC;05-04-24/16:07:00
846;52.9;dBC;05-04-24/16:07:10
847;53.1;dBC;05-04-24/16:07:20
848;52.4;dBC;05-04-24/16:07:30
849;52.9;dBC;05-04-24/16:07:40
850;52.9;dBC;05-04-24/16:07:50
851;49.8;dBC;05-04-24/16:08:00
852;51.9;dBC;05-04-24/16:08:10
853;56.5;dBC;05-04-24/16:08:20
854;54.8;dBC;05-04-24/16:08:30
855;51.9;dBC;05-04-24/16:08:40
856;50.8;dBC;05-04-24/16:08:50
857;54.3;dBC;05-04-24/16:09:00
858;52.7;dBC;05-04-24/16:09:10
859;61.0;dBC;05-04-24/16:09:20
860;53.6;dBC;05-04-24/16:09:30
861;54.1;dBC;05-04-24/16:09:40
862;57.9;dBC;05-04-24/16:09:50
863;51.7;dBC;05-04-24/16:10:00
864;56.5;dBC;05-04-24/16:10:10
865;49.3;dBC;05-04-24/16:10:20
866;51.7;dBC;05-04-24/16:10:30
867;54.1;dBC;05-04-24/16:10:40
868;51.0;dBC;05-04-24/16:10:50
869;51.9;dBC;05-04-24/16:11:00
870;51.7;dBC;05-04-24/16:11:10
871;51.5;dBC;05-04-24/16:11:20
872;56.5;dBC;05-04-24/16:11:30
873;60.5;dBC;05-04-24/16:11:40
874;61.2;dBC;05-04-24/16:11:50
875;54.3;dBC;05-04-24/16:12:00
876;53.9;dBC;05-04-24/16:12:10
877;55.8;dBC;05-04-24/16:12:20
878;53.9;dBC;05-04-24/16:12:30
879;55.5;dBC;05-04-24/16:12:40
880;60.5;dBC;05-04-24/16:12:50
881;55.8;dBC;05-04-24/16:13:00
882;55.8;dBC;05-04-24/16:13:10
883;59.3;dBC;05-04-24/16:13:20
884;56.2;dBC;05-04-24/16:13:30
885;54.3;dBC;05-04-24/16:13:40
886;50.8;dBC;05-04-24/16:13:50
887;53.4;dBC;05-04-24/16:14:00
888;51.2;dBC;05-04-24/16:14:10
889;49.6;dBC;05-04-24/16:14:20
890;52.4;dBC;05-04-24/16:14:30
891;49.1;dBC;05-04-24/16:14:40
892;52.7;dBC;05-04-24/16:14:50
893;51.0;dBC;05-04-24/16:15:00
894;51.2;dBC;05-04-24/16:15:10
895;59.6;dBC;05-04-24/16:15:20
896;52.4;dBC;05-04-24/16:15:30
897;57.7;dBC;05-04-24/16:15:40
898;49.6;dBC;05-04-24/16:15:50
899;52.2;dBC;05-04-24/16:16:00
900;52.7;dBC;05-04-24/16:16:10
901;51.7;dBC;05-04-24/16:16:20
902;54.8;dBC;05-04-24/16:16:30
903;52.9;dBC;05-04-24/16:16:40
904;57.0;dBC;05-04-24/16:16:50
905;54.3;dBC;05-04-24/16:17:00
906;61.7;dBC;05-04-24/16:17:10
907;55.5;dBC;05-04-24/16:17:20
908;57.0;dBC;05-04-24/16:17:30
909;55.0;dBC;05-04-24/16:17:40
910;58.9;dBC;05-04-24/16:17:50
911;59.8;dBC;05-04-24/16:18:00
912;59.1;dBC;05-04-24/16:18:10
913;61.7;dBC;05-04-24/16:18:20
914;57.2;dBC;05-04-24/16:18:30
915;52.9;dBC;05-04-24/16:18:40
916;52.9;dBC;05-04-24/16:18:50
917;66.0;dBC;05-04-24/16:19:00
918;62.2;dBC;05-04-24/16:19:10
919;57.4;dBC;05-04-24/16:19:20
920;58.1;dBC;05-04-24/16:19:30
921;61.7;dBC;05-04-24/16:19:40
922;74.4;dBC;05-04-24/16:19:50
923;59.1;dBC;05-04-24/16:20:00
924;57.4;dBC;05-04-24/16:20:10
925;57.4;dBC;05-04-24/16:20:20
926;60.1;dBC;05-04-24/16:20:30
927;66.3;dBC;05-04-24/16:20:40
928;61.5;dBC;05-04-24/16:20:50
929;53.9;dBC;05-04-24/16:21:00
930;60.3;dBC;05-04-24/16:21:10
931;57.0;dBC;05-04-24/16:21:20
932;59.3;dBC;05-04-24/16:21:30
933;57.4;dBC;05-04-24/16:21:40
934;61.2;dBC;05-04-24/16:21:50
935;54.1;dBC;05-04-24/16:22:00
936;58.4;dBC;05-04-24/16:22:10
937;56.0;dBC;05-04-24/16:22:20
938;62.2;dBC;05-04-24/16:22:30
939;57.0;dBC;05-04-24/16:22:40
940;59.6;dBC;05-04-24/16:22:50
941;54.8;dBC;05-04-24/16:23:00
942;58.1;dBC;05-04-24/16:23:10
943;54.3;dBC;05-04-24/16:23:20
944;59.3;dBC;05-04-24/16:23:30
945;60.5;dBC;05-04-24/16:23:40
946;60.8;dBC;05-04-24/16:23:50
947;59.3;dBC;05-04-24/16:24:00
948;71.5;dBC;05-04-24/16:24:10
949;52.9;dBC;05-04-24/16:24:20
950;55.5;dBC;05-04-24/16:24:30
951;54.3;dBC;05-04-24/16:24:40
952;59.1;dBC;05-04-24/16:24:50
953;59.3;dBC;05-04-24/16:25:00
954;61.5;dBC;05-04-24/16:25:10
955;54.8;dBC;05-04-24/16:25:20
956;56.0;dBC;05-04-24/16:25:30
957;54.1;dBC;05-04-24/16:25:40
958;61.7;dBC;05-04-24/16:25:50
959;59.1;dBC;05-04-24/16:26:00
960;53.9;dBC;05-04-24/16:26:10
961;58.9;dBC;05-04-24/16:26:20
962;62.2;dBC;05-04-24/16:26:30
963;52.9;dBC;05-04-24/16:26:40
964;52.2;dBC;05-04-24/16:26:50
965;57.4;dBC;05-04-24/16:27:00
966;57.7;dBC;05-04-24/16:27:10
967;53.1;dBC;05-04-24/16:27:20
968;55.3;dBC;05-04-24/16:27:30
969;52.4;dBC;05-04-24/16:27:40
970;54.8;dBC;05-04-24/16:27:50
971;58.9;dBC;05-04-24/16:28:00
972;57.0;dBC;05-04-24/16:28:10
973;53.4;dBC;05-04-24/16:28:20
974;57.0;dBC;05-04-24/16:28:30
975;62.4;dBC;05-04-24/16:28:40
976;56.2;dBC;05-04-24/16:28:50
977;52.4;dBC;05-04-24/16:29:00
978;51.5;dBC;05-04-24/16:29:10
979;50.8;dBC;05-04-24/16:29:20
980;51.7;dBC;05-04-24/16:29:30
981;51.2;dBC;05-04-24/16:29:40
982;49.6;dBC;05-04-24/16:29:50
983;51.7;dBC;05-04-24/16:30:00
984;51.0;dBC;05-04-24/16:30:10
985;51.7;dBC;05-04-24/16:30:20
986;51.9;dBC;05-04-24/16:30:30
987;56.0;dBC;05-04-24/16:30:40
988;51.0;dBC;05-04-24/16:30:50
989;51.2;dBC;05-04-24/16:31:00
990;51.5;dBC;05-04-24/16:31:10
991;51.0;dBC;05-04-24/16:31:20
992;49.1;dBC;05-04-24/16:31:30
993;48.8;dBC;05-04-24/16:31:40
994;49.8;dBC;05-04-24/16:31:50
995;50.5;dBC;05-04-24/16:32:00
996;50.0;dBC;05-04-24/16:32:10
997;53.1;dBC;05-04-24/16:32:20
998;57.9;dBC;05-04-24/16:32:30
999;50.3;dBC;05-04-24/16:32:40
1000;49.3;dBC;05-04-24/16:32:50
1001;48.8;dBC;05-04-24/16:33:00
1002;49.3;dBC;05-04-24/16:33:10
1003;50.5;dBC;05-04-24/16:33:20
1004;51.0;dBC;05-04-24/16:33:30
1005;53.4;dBC;05-04-24/16:33:40
1006;52.4;dBC;05-04-24/16:33:50
1007;52.2;dBC;05-04-24/16:34:00
1008;54.6;dBC;05-04-24/16:34:10
1009;54.6;dBC;05-04-24/16:34:20
1010;61.7;dBC;05-04-24/16:34:30
1011;55.5;dBC;05-04-24/16:34:40
1012;53.1;dBC;05-04-24/16:34:50
1013;52.9;dBC;05-04-24/16:35:00
1014;52.4;dBC;05-04-24/16:35:10
1015;57.2;dBC;05-04-24/16:35:20
1016;55.8;dBC;05-04-24/16:35:30
1017;52.7;dBC;05-04-24/16:35:40
1018;53.9;dBC;05-04-24/16:35:50
1019;51.0;dBC;05-04-24/16:36:00
1020;51.9;dBC;05-04-24/16:36:10
1021;53.9;dBC;05-04-24/16:36:20
1022;51.9;dBC;05-04-24/16:36:30
1023;50.8;dBC;05-04-24/16:36:40
1024;52.7;dBC;05-04-24/16:36:50
1025;51.9;dBC;05-04-24/16:37:00
1026;52.2;dBC;05-04-24/16:37:10
1027;52.2;dBC;05-04-24/16:37:20
1028;56.0;dBC;05-04-24/16:37:30
1029;54.6;dBC;05-04-24/16:37:40
1030;52.9;dBC;05-04-24/16:37:50
1031;52.9;dBC;05-04-24/16:38:00
1032;58.6;dBC;05-04-24/16:38:10
1033;55.3;dBC;05-04-24/16:38:20
1034;50.8;dBC;05-04-24/16:38:30
1035;51.0;dBC;05-04-24/16:38:40
1036;53.9;dBC;05-04-24/16:38:50
1037;52.2;dBC;05-04-24/16:39:00
1038;56.5;dBC;05-04-24/16:39:10
1039;53.9;dBC;05-04-24/16:39:20
1040;54.6;dBC;05-04-24/16:39:30
1041;53.6;dBC;05-04-24/16:39:40
1042;53.4;dBC;05-04-24/16:39:50
1043;54.1;dBC;05-04-24/16:40:00
1044;58.1;dBC;05-04-24/16:40:10
1045;66.0;dBC;05-04-24/16:40:20
1046;54.3;dBC;05-04-24/16:40:30
1047;54.1;dBC;05-04-24/16:40:40
1048;51.9;dBC;05-04-24/16:40:50
1049;56.7;dBC;05-04-24/16:41:00
1050;53.4;dBC;05-04-24/16:41:10
1051;52.7;dBC;05-04-24/16:41:20
1052;56.7;dBC;05-04-24/16:41:30
1053;55.5;dBC;05-04-24/16:41:40
1054;51.2;dBC;05-04-24/16:41:50
1055;55.3;dBC;05-04-24/16:42:00
1056;52.2;dBC;05-04-24/16:42:10
1057;52.2;dBC;05-04-24/16:42:20
1058;56.2;dBC;05-04-24/16:42:30
1059;65.1;dBC;05-04-24/16:42:40
1060;54.8;dBC;05-04-24/16:42:50
1061;56.2;dBC;05-04-24/16:43:00
1062;53.1;dBC;05-04-24/16:43:10
1063;52.4;dBC;05-04-24/16:43:20
1064;53.9;dBC;05-04-24/16:43:30
1065;53.6;dBC;05-04-24/16:43:40
1066;53.1;dBC;05-04-24/16:43:50
1067;52.9;dBC;05-04-24/16:44:00
1068;53.1;dBC;05-04-24/16:44:10
1069;55.5;dBC;05-04-24/16:44:20
1070;55.8;dBC;05-04-24/16:44:30
1071;55.3;dBC;05-04-24/16:44:40
1072;62.4;dBC;05-04-24/16:44:50
1073;54.3;dBC;05-04-24/16:45:00
1074;54.6;dBC;05-04-24/16:45:10
1075;60.1;dBC;05-04-24/16:45:20
1076;57.0;dBC;05-04-24/16:45:30
1077;52.7;dBC;05-04-24/16:45:40
1078;56.7;dBC;05-04-24/16:45:50
1079;54.6;dBC;05-04-24/16:46:00
1080;55.8;dBC;05-04-24/16:46:10
1081;55.5;dBC;05-04-24/16:46:20
1082;53.4;dBC;05-04-24/16:46:30
1083;53.9;dBC;05-04-24/16:46:40
1084;54.8;dBC;05-04-24/16:46:50
1085;55.0;dBC;05-04-24/16:47:00
1086;56.2;dBC;05-04-24/16:47:10
1087;54.8;dBC;05-04-24/16:47:20
1088;53.6;dBC;05-04-24/16:47:30
1089;54.3;dBC;05-04-24/16:47:40
1090;61.7;dBC;05-04-24/16:47:50
1091;58.9;dBC;05-04-24/16:48:00
1092;56.5;dBC;05-04-24/16:48:10
1093;55.5;dBC;05-04-24/16:48:20
1094;57.4;dBC;05-04-24/16:48:30
1095;54.3;dBC;05-04-24/16:48:40
1096;60.1;dBC;05-04-24/16:48:50
1097;56.5;dBC;05-04-24/16:49:00
1098;56.5;dBC;05-04-24/16:49:10
1099;54.3;dBC;05-04-24/16:49:20
1100;52.7;dBC;05-04-24/16:49:30
1101;56.0;dBC;05-04-24/16:49:40
1102;55.5;dBC;05-04-24/16:49:50
1103;55.0;dBC;05-04-24/16:50:00
1104;54.8;dBC;05-04-24/16:50:10
1105;54.1;dBC;05-04-24/16:50:20
1106;57.0;dBC;05-04-24/16:50:30
1107;56.7;dBC;05-04-24/16:50:40
1108;53.9;dBC;05-04-24/16:50:50
1109;51.7;dBC;05-04-24/16:51:00
1110;50.3;dBC;05-04-24/16:51:10
1111;52.9;dBC;05-04-24/16:51:20
1112;51.9;dBC;05-04-24/16:51:30
1113;50.0;dBC;05-04-24/16:51:40
1114;51.5;dBC;05-04-24/16:51:50
1115;52.9;dBC;05-04-24/16:52:00
1116;51.5;dBC;05-04-24/16:52:10
1117;52.4;dBC;05-04-24/16:52:20
1118;53.4;dBC;05-04-24/16:52:30
1119;52.9;dBC;05-04-24/16:52:40
1120;51.2;dBC;05-04-24/16:52:50
1121;53.9;dBC;05-04-24/16:53:00
1122;50.5;dBC;05-04-24/16:53:10
1123;51.2;dBC;05-04-24/16:53:20
1124;54.1;dBC;05-04-24/16:53:30
1125;50.0;dBC;05-04-24/16:53:40
1126;50.5;dBC;05-04-24/16:53:50
1127;53.1;dBC;05-04-24/16:54:00
1128;50.3;dBC;05-04-24/16:54:10
1129;51.5;dBC;05-04-24/16:54:20
1130;56.2;dBC;05-04-24/16:54:30
1131;52.7;dBC;05-04-24/16:54:40
1132;52.4;dBC;05-04-24/16:54:50
1133;49.1;dBC;05-04-24/16:55:00
1134;52.7;dBC;05-04-24/16:55:10
1135;49.8;dBC;05-04-24/16:55:20
1136;54.6;dBC;05-04-24/16:55:30
1137;52.2;dBC;05-04-24/16:55:40
1138;51.0;dBC;05-04-24/16:55:50
1139;60.1;dBC;05-04-24/16:56:00
1140;56.2;dBC;05-04-24/16:56:10
1141;56.2;dBC;05-04-24/16:56:20
1142;54.1;dBC;05-04-24/16:56:30
1143;49.3;dBC;05-04-24/16:56:40
1144;58.6;dBC;05-04-24/16:56:50
1145;55.0;dBC;05-04-24/16:57:00
1146;62.4;dBC;05-04-24/16:57:10
1147;56.0;dBC;05-04-24/16:57:20
1148;53.9;dBC;05-04-24/16:57:30
1149;53.1;dBC;05-04-24/16:57:40
1150;56.0;dBC;05-04-24/16:57:50
1151;56.2;dBC;05-04-24/16:58:00
1152;58.6;dBC;05-04-24/16:58:10
1153;54.8;dBC;05-04-24/16:58:20
1154;56.0;dBC;05-04-24/16:58:30
1155;56.5;dBC;05-04-24/16:58:40
1156;52.9;dBC;05-04-24/16:58:50
1157;55.0;dBC;05-04-24/16:59:00
1158;53.4;dBC;05-04-24/16:59:10
1159;52.2;dBC;05-04-24/16:59:20
1160;61.7;dBC;05-04-24/16:59:30
1161;59.1;dBC;05-04-24/16:59:40
1162;55.8;dBC;05-04-24/16:59:50
1163;62.0;dBC;05-04-24/17:00:00
1164;59.8;dBC;05-04-24/17:00:10
1165;55.3;dBC;05-04-24/17:00:20
1166;61.5;dBC;05-04-24/17:00:30
1167;69.4;dBC;05-04-24/17:00:40
1168;61.7;dBC;05-04-24/17:00:50
1169;61.5;dBC;05-04-24/17:01:00
1170;57.9;dBC;05-04-24/17:01:10
1171;61.5;dBC;05-04-24/17:01:20
1172;58.6;dBC;05-04-24/17:01:30
1173;55.8;dBC;05-04-24/17:01:40
1174;64.1;dBC;05-04-24/17:01:50
1175;58.4;dBC;05-04-24/17:02:00
1176;66.7;dBC;05-04-24/17:02:10
1177;60.8;dBC;05-04-24/17:02:20
1178;60.8;dBC;05-04-24/17:02:30
1179;62.0;dBC;05-04-24/17:02:40
1180;65.8;dBC;05-04-24/17:02:50
1181;59.8;dBC;05-04-24/17:03:00
1182;61.2;dBC;05-04-24/17:03:10
1183;60.8;dBC;05-04-24/17:03:20
1184;63.6;dBC;05-04-24/17:03:30
1185;62.2;dBC;05-04-24/17:03:40
1186;61.5;dBC;05-04-24/17:03:50
1187;60.1;dBC;05-04-24/17:04:00
1188;61.2;dBC;05-04-24/17:04:10
1189;68.2;dBC;05-04-24/17:04:20
1190;63.6;dBC;05-04-24/17:04:30
1191;56.2;dBC;05-04-24/17:04:40
1192;57.0;dBC;05-04-24/17:04:50
1193;56.0;dBC;05-04-24/17:05:00
1194;64.3;dBC;05-04-24/17:05:10
1195;67.7;dBC;05-04-24/17:05:20
1196;59.8;dBC;05-04-24/17:05:30
1197;56.7;dBC;05-04-24/17:05:40
1198;65.8;dBC;05-04-24/17:05:50
1199;62.9;dBC;05-04-24/17:06:00
1200;60.3;dBC;05-04-24/17:06:10
1201;59.3;dBC;05-04-24/17:06:20
1202;55.8;dBC;05-04-24/17:06:30
1203;62.0;dBC;05-04-24/17:06:40
1204;57.4;dBC;05-04-24/17:06:50
1205;60.1;dBC;05-04-24/17:07:00
1206;59.8;dBC;05-04-24/17:07:10
1207;63.2;dBC;05-04-24/17:07:20
1208;55.8;dBC;05-04-24/17:07:30
1209;63.2;dBC;05-04-24/17:07:40
1210;67.2;dBC;05-04-24/17:07:50
1211;65.1;dBC;05-04-24/17:08:00
1212;62.2;dBC;05-04-24/17:08:10
1213;63.9;dBC;05-04-24/17:08:20
1214;61.5;dBC;05-04-24/17:08:30
1215;57.4;dBC;05-04-24/17:08:40
1216;56.5;dBC;05-04-24/17:08:50
1217;62.7;dBC;05-04-24/17:09:00
1218;60.5;dBC;05-04-24/17:09:10
1219;57.7;dBC;05-04-24/17:09:20
1220;63.4;dBC;05-04-24/17:09:30
1221;61.0;dBC;05-04-24/17:09:40
